Course Name,Description
Data Science for Beginners,A complete introduction to data science concepts and techniques.
Introduction to Big Data,Learn the basics of big data technologies and their applications.
Machine Learning with Python,A Python-based course to help you get started with machine learning.
SQL for Data Science,Understand how to use SQL for data analysis and manipulation.
Business Analytics for Data-Driven Decisions,Learn how to make informed business decisions using analytics.
Google Analytics for Beginners,A step-by-step guide to mastering Google Analytics for web performance.
Introduction to Data Visualization,Learn to create impactful data visualizations using tools like Tableau.
AI for Everyone by Andrew Ng,An introduction to artificial intelligence aimed at non-technical learners.
Python for Data Science and AI,A Python-based course focusing on data science and artificial intelligence.
Data Analytics Using Excel,Learn to analyze and visualize data using Excel’s powerful functions.
Introduction to Statistical Learning,Covers the essentials of statistical learning theory and techniques.
Data Science Methodology,Discover how data science projects are structured and executed.
Introduction to Data Science,Gain foundational knowledge in data science and its core concepts.
Data Science with R,Learn data science techniques using the R programming language.
Predictive Analytics in Business,Learn how predictive analytics is used to make business decisions.
Data-Driven Decision Making,Learn to make better business decisions using data analytics.
Excel for Data Analysis,Learn the basics of Excel and how it can be used for data analysis.
Python for Data Analysis,A beginner-friendly course to learn data analysis using Python libraries like Pandas and NumPy.
Foundations of Data Science,A course that introduces you to the field of data science and its fundamental concepts.
Data Visualization and Storytelling,Learn to tell stories with data through powerful visualizations.
Deep Learning for Computer Vision,Explore deep learning techniques applied to image recognition and computer vision tasks.
Tableau for Beginners,Get started with Tableau for creating data visualizations and dashboards.
Exploratory Data Analysis,Learn to explore data using visualization and statistical techniques to uncover patterns and trends.
Data Cleaning with Python,Learn how to clean and preprocess data in Python for analysis.
Applied AI with Deep Learning,Learn how to apply deep learning in real-world AI projects.
Advanced SQL for Data Scientists,Build upon basic SQL skills to tackle more complex queries for data analysis.
Introduction to Cloud Computing for Data Science,Explore how cloud platforms are used in modern data science workflows.
Python Machine Learning,Learn how to use Python and libraries like Scikit-Learn to create machine learning models.
Bayesian Statistics: Techniques and Models,Dive deep into Bayesian statistics and how it applies to data analysis.
Natural Language Processing with Python,Learn how to build NLP models to analyze text data using Python.
Big Data Analysis with Hadoop and Spark,Understand big data tools and how to analyze large datasets using Hadoop and Spark.
Deep Learning with TensorFlow,A practical guide to building deep learning models with TensorFlow.
Power BI for Data Analytics,Learn to create interactive visualizations and reports using Microsoft Power BI.
Introduction to Data Warehousing,Learn the basics of data warehousing and how it's used in business intelligence.
Data Science Ethics,Explore the ethical issues that arise in data science and analytics.
Python for Applied Data Science,Learn how to apply Python programming for real-world data analysis projects.
Neural Networks and Deep Learning,A comprehensive introduction to neural networks and deep learning algorithms.
Data Visualization with D3.js,Learn to build complex and dynamic data visualizations using D3.js.
Data Science with AWS,"Explore how AWS services are used for data storage, analysis, and processing in data science projects."
Data Mining Techniques,Learn essential techniques for mining valuable insights from data.
Advanced Analytics in Excel,Learn advanced data analytics techniques using Excel.
Hands-on Data Science Projects,Gain experience by working on real-world data science projects.
Introduction to Artificial Intelligence,Learn the basics of AI and how it’s transforming industries today.
Business Analytics with R,Learn how R is used for business analytics and data-driven decision-making.
Decision Trees and Random Forests,Explore the use of decision trees and random forests in predictive analytics.
Introduction to Predictive Modeling,Learn how predictive models are built and used in business applications.
Practical Machine Learning with TensorFlow,Dive into practical machine learning projects using TensorFlow.
Introduction to Reinforcement Learning,Understand the principles of reinforcement learning and how it is applied in AI.
Data Wrangling with Python,Learn data wrangling techniques to clean and reshape data in Python.
AI for Business Professionals,A practical course on how AI can be implemented in business strategies.
"HTML, CSS, and JavaScript for Web Developers","Learn the fundamentals of web development using HTML, CSS, and JavaScript."
Responsive Web Design,Learn how to create websites that are responsive and mobile-friendly across all devices.
Introduction to Front-End Development,"Discover the basics of front-end development with HTML, CSS, and JavaScript."
Full Stack Web Development,"Master full-stack development, covering both front-end and back-end programming."
JavaScript Basics,Learn the core principles of JavaScript for building interactive web elements.
Web Accessibility for Developers,Learn to design websites that are accessible to users with disabilities.
Python Web Development with Django,Build robust web applications using Python and the Django framework.
Node.js for Beginners,Explore server-side JavaScript programming with Node.js.
React for Beginners,"Learn how to develop modern web apps using React.js, a powerful JavaScript library."
Web Development with Flask,"Learn to create Python web applications using Flask, a lightweight web framework."
Advanced JavaScript,"Dive deeper into JavaScript’s advanced concepts, including closures, promises, and async functions."
CSS Grid Layout,"Master CSS Grid, one of the most powerful tools for creating responsive web layouts."
Vue.js Fundamentals,"Learn Vue.js, an open-source JavaScript framework for building UIs and single-page applications."
Bootstrap 5 for Responsive Design,Build mobile-first websites using the Bootstrap 5 framework.
JavaScript DOM Manipulation,Understand how to manipulate the Document Object Model (DOM) with JavaScript.
SASS for CSS Preprocessing,"Learn SASS, a powerful CSS preprocessor for writing more maintainable and scalable CSS code."
Backend Development with Node.js,"Explore backend web development using Node.js, Express, and MongoDB."
React Hooks in Depth,Understand how React Hooks can simplify state management in functional components.
Building Web Applications with Ruby on Rails,Learn to build full-stack applications using Ruby on Rails.
TypeScript for Web Development,"A comprehensive guide to using TypeScript, a typed superset of JavaScript, for building web applications."
RESTful Web Services with Flask and Python,Build RESTful APIs using Python’s Flask framework.
Progressive Web Apps (PWA),Learn to build Progressive Web Apps that provide offline capabilities and enhanced performance.
GraphQL for Beginners,"Get started with GraphQL, a modern query language for APIs."
Web Animations with CSS,Create animations for websites using just CSS.
Responsive Images in Web Development,Learn to implement responsive images that work across different device resolutions.
Version Control with Git and GitHub,"Master Git, the popular version control system, and GitHub for collaborative development."
JAMstack Web Development,"Learn the JAMstack architecture for building fast, scalable web applications."
Building Single Page Apps with Angular,Create dynamic single-page applications (SPAs) using Angular.
Introduction to Web Performance Optimization,Understand how to optimize the performance of websites for faster load times.
Webpack for JavaScript Applications,Learn to use Webpack for bundling JavaScript modules and optimizing web applications.
SEO Basics for Developers,Learn how to optimize websites for search engines to increase organic traffic.
Asynchronous JavaScript and AJAX,Master the art of making asynchronous web requests with AJAX and JavaScript.
APIs with JavaScript,Learn to interact with APIs using JavaScript and fetch external data for web applications.
Building Responsive Forms,Learn how to design and build responsive and user-friendly web forms.
Introduction to WebSockets,Learn to build real-time web applications using WebSockets for client-server communication.
Headless CMS for Web Development,Get introduced to headless CMS and how to use it in modern web development.
JQuery for Web Developers,"A complete guide to using jQuery, one of the most popular JavaScript libraries."
Building E-commerce Websites,Learn to design and develop full-featured e-commerce platforms from scratch.
Building Chat Applications with WebSockets,Build real-time chat applications using WebSockets for two-way communication.
DevOps for Web Developers,Learn to integrate DevOps practices into web development for continuous deployment and automation.
Introduction to JAMstack with Next.js,"Build modern websites with Next.js, a React-based framework, and the JAMstack architecture."
Tailwind CSS from Scratch,"Learn to use Tailwind CSS, a utility-first CSS framework for building custom designs."
Testing Web Applications with Jest,Learn how to write and run unit tests for your web applications using Jest.
Introduction to Firebase for Web,Learn how to use Firebase for building and managing web apps with real-time databases and authentication.
Building Microservices with Node.js,Learn to architect and develop microservices using Node.js.
GraphQL with Apollo,Learn to implement GraphQL with the Apollo framework for more efficient querying.
Web Security Fundamentals,Discover the essentials of web security to protect your applications from threats.
Real-time Applications with Socket.io,"Build real-time applications with Socket.io, enabling bidirectional communication."
Authentication with OAuth2,Learn to implement OAuth2 for user authentication in web applications.
Building REST APIs with Django,Master REST API development with Django for creating robust backend systems.
Introduction to Artificial Intelligence,"A beginner's guide to AI concepts, history, and applications across industries."
Machine Learning for Beginners,"Learn the fundamentals of machine learning, including algorithms like linear regression."
Deep Learning with TensorFlow,Explore deep learning techniques using TensorFlow and neural networks for AI applications.
Natural Language Processing (NLP),Understand the basics of NLP and how machines understand human language.
AI for Everyone,A non-technical introduction to AI for understanding its real-world applications and impacts.
Supervised and Unsupervised Learning,Learn the key differences and techniques in supervised and unsupervised machine learning.
Reinforcement Learning,Understand reinforcement learning techniques and how machines learn through rewards.
Python for Machine Learning,"A complete course on using Python libraries like Scikit-learn, NumPy, and pandas for ML projects."
AI in Healthcare,"Explore how AI is revolutionizing the healthcare sector, from diagnosis to personalized treatments."
Computer Vision with OpenCV,Learn to build AI systems that can interpret and analyze visual data with OpenCV.
AI Ethics and Responsible AI,Understand the ethical implications of AI and how to develop responsible AI systems.
Neural Networks and Deep Learning,A comprehensive guide to neural networks and deep learning models for AI applications.
AI for Robotics,"Learn to apply AI to robotics, including motion planning and robotic vision."
Bayesian Machine Learning,Explore Bayesian methods in machine learning for probabilistic modeling and inference.
Advanced Machine Learning Techniques,"Learn advanced topics in machine learning, such as SVMs, ensemble methods, and more."
Time Series Analysis with Machine Learning,Learn how to analyze time-series data and make predictions using machine learning algorithms.
AI for Game Development,"Build AI agents for gaming using techniques like pathfinding, decision-making, and more."
GANs (Generative Adversarial Networks),"Discover how GANs can create realistic images, videos, and other synthetic data."
Introduction to AI with MATLAB,Learn to use MATLAB for AI and machine learning applications.
AI and Machine Learning in Finance,"Explore AI’s role in financial modeling, algorithmic trading, and risk assessment."
Speech Recognition with Deep Learning,"Learn how deep learning is used to build speech recognition systems, like Siri or Alexa."
Applied AI with IBM Watson,Build real-world AI applications using IBM’s Watson platform and its powerful APIs.
Recommender Systems,"Learn to design recommender systems like those used by Netflix, Amazon, and YouTube."
Predictive Analytics with Machine Learning,Use machine learning techniques to predict future outcomes based on historical data.
Transfer Learning in Machine Learning,Understand how transfer learning can boost model performance with less data.
AI in Autonomous Vehicles,Learn how AI is shaping the future of self-driving cars and other autonomous systems.
Keras for Deep Learning,"Learn to build deep learning models using Keras, a high-level neural networks API."
Convolutional Neural Networks (CNNs),"Master CNNs for image classification, object detection, and more."
Dimensionality Reduction with PCA and LDA,Learn techniques to reduce the complexity of machine learning models using PCA and LDA.
AI in Manufacturing,"Explore AI applications in automation, predictive maintenance, and quality control in manufacturing."
Text Classification with Machine Learning,Learn how to classify text documents using natural language processing and machine learning.
Optimization Algorithms in AI,Learn optimization techniques like gradient descent and their application in AI models.
Machine Learning Pipelines,Build efficient machine learning pipelines for data preprocessing and model training.
Building Chatbots with AI,Learn how to develop intelligent chatbots that understand and respond to user input.
Hyperparameter Tuning for Machine Learning,Learn the techniques to fine-tune machine learning models for better performance.
Multilayer Perceptrons (MLP),Understand how to design and train multilayer perceptrons for various machine learning tasks.
AutoML: Automating Machine Learning,Learn how AutoML tools can automate the model selection and hyperparameter tuning process.
Explainable AI (XAI),Discover methods to make AI models more transparent and interpretable.
AI in Marketing,"Learn how AI is revolutionizing digital marketing through personalization, automation, and insights."
Feature Engineering for Machine Learning,Understand how to select and transform features to improve model performance.
AI in Agriculture,"Learn how AI is transforming agriculture through precision farming, crop monitoring, and forecasting."
Federated Learning,"Explore federated learning, a distributed approach to training machine learning models."
Meta-Learning: Learning to Learn,Learn how meta-learning models improve performance by learning from previous tasks.
Support Vector Machines (SVMs),Master support vector machines for classification and regression tasks.
AI in Natural Disaster Management,"Explore how AI is being used to predict and manage natural disasters, such as floods and earthquakes."
Quantum Machine Learning,Learn about the intersection of quantum computing and machine learning.
Ethics of Machine Learning,Understand the ethical issues around the development and use of machine learning systems.
Adversarial Machine Learning,Learn about adversarial attacks on machine learning models and how to defend against them.
Deploying Machine Learning Models,Learn the steps for deploying machine learning models in production environments.
AI for Business Optimization,"Learn how AI can optimize business processes, decision-making, and strategies."
Introduction to Cloud Computing,"A beginner's guide to cloud concepts, types, and service models like IaaS, PaaS, and SaaS."
AWS Certified Solutions Architect,"Learn to design, deploy, and manage scalable systems on Amazon Web Services (AWS)."
Google Cloud Fundamentals,"Get started with Google Cloud, learning the key services and cloud computing architecture."
Azure Fundamentals,"Understand the core concepts of Microsoft Azure and how to manage virtual machines, databases, etc."
Cloud Security Fundamentals,Learn the principles of securing cloud environments and managing cloud data securely.
DevOps on AWS,"Learn how to implement DevOps practices on AWS using tools like CodePipeline, CloudFormation, etc."
Kubernetes for Cloud Computing,Master container orchestration with Kubernetes in the cloud for scalable applications.
Introduction to Serverless Computing,Learn how to build and deploy applications using serverless architecture on platforms like AWS Lambda.
Hybrid Cloud Solutions,Explore how hybrid cloud environments blend on-premise infrastructure with public cloud services.
Cloud Migration Strategies,Learn strategies to successfully migrate existing applications and data to the cloud.
AWS Certified Developer Associate,"Learn how to develop, deploy, and monitor applications on AWS using the best practices."
Introduction to Google Kubernetes Engine (GKE),"Learn how to deploy, manage, and scale containerized applications on GKE."
AWS CloudFormation Mastery,Automate the provisioning of AWS infrastructure using CloudFormation templates.
Cloud Storage Solutions,"Understand cloud storage options, including object, block, and file storage on AWS, GCP, and Azure."
Introduction to Cloud Networking,"Learn networking concepts in cloud environments, such as VPCs, subnets, and peering connections."
Terraform for Cloud Automation,Learn to manage and provision cloud infrastructure using Terraform and infrastructure as code (IaC).
AWS Certified SysOps Administrator,Learn to manage and operate systems in the AWS cloud environment effectively.
Google Cloud Data Engineering,"Learn data pipeline management, BigQuery, and dataflow techniques on Google Cloud."
Cloud Monitoring and Logging,"Learn tools and techniques for monitoring cloud infrastructure and applications, like AWS CloudWatch."
Azure DevOps Services,"Understand how to use Azure DevOps for continuous integration, delivery, and monitoring."
OpenStack for Cloud Computing,Explore OpenStack as an open-source cloud computing platform for building private clouds.
Cloud Databases with AWS RDS and DynamoDB,Learn to deploy and manage relational and NoSQL databases on AWS cloud services.
Multicloud Strategies,Understand how to work with multiple cloud providers simultaneously and avoid vendor lock-in.
Google Cloud Certified Professional Architect,Prepare for the Google Cloud certification by mastering architectural design and implementation.
Serverless Machine Learning on AWS,Learn to deploy machine learning models using AWS Lambda and Sagemaker in a serverless environment.
Securing Cloud Applications,Learn the best practices and tools for securing cloud-native applications and services.
CI/CD in the Cloud,Master the principles of continuous integration and continuous delivery (CI/CD) in the cloud.
Managing Costs in the Cloud,Learn how to optimize and manage cloud computing costs through budgeting and resource management.
Introduction to Cloud Native Computing,"Understand how to build, deploy, and run applications entirely in the cloud with microservices."
Microsoft Azure Solutions Architect,Learn how to design scalable and resilient cloud architectures on Microsoft Azure.
Edge Computing and IoT with the Cloud,Learn how edge computing and the cloud enable IoT applications for real-time processing.
Cloud API Management,"Master managing APIs in the cloud using tools like AWS API Gateway, Google Cloud Endpoints, and more."
GCP: Cloud DevOps Engineer,Prepare for the GCP DevOps Engineer certification by learning to manage and automate cloud infrastructure.
Introduction to Virtualization,"Learn the basics of virtualization, hypervisors, and virtual machines in cloud environments."
Disaster Recovery in Cloud,"Learn cloud-based disaster recovery strategies, including backup and recovery solutions."
Building AI Models in the Cloud,Learn how to build and deploy AI models in cloud environments using services like AWS and GCP.
Azure Kubernetes Service (AKS),Learn how to use Azure Kubernetes Service to deploy and manage containerized applications in the cloud.
Introduction to Cloud VPN,Learn how to create and manage secure VPN connections in cloud environments like AWS and Azure.
Introduction to Cloud IAM,Learn Identity and Access Management (IAM) in the cloud to control access and permissions.
Cloud Cost Optimization with Spot Instances,Learn how to leverage AWS Spot Instances for cost-effective cloud resource management.
Building Multi-Tier Cloud Applications,Learn how to architect multi-tier cloud applications using microservices and databases.
DevSecOps in Cloud Computing,Learn how to integrate security into your DevOps pipeline in a cloud-native environment.
Introduction to Amazon S3,"Learn to store and manage data in Amazon’s scalable object storage service, S3."
Serverless APIs with AWS Lambda and API Gateway,Build and deploy serverless APIs using AWS Lambda and API Gateway.
Cloud-native DevOps with Kubernetes and Helm,Learn to manage Kubernetes deployments with Helm for a more efficient cloud-native CI/CD pipeline.
Introduction to Google Cloud Functions,Learn how to use Google Cloud Functions for serverless architecture and microservices.
Cloud Backup and Storage Solutions,Explore various cloud backup strategies and solutions for disaster recovery and redundancy.
AI & ML on Google Cloud,Learn to deploy machine learning models using Google Cloud’s AI and ML services.
Monitoring Kubernetes in Cloud,Learn how to monitor and manage Kubernetes clusters in cloud environments using tools like Prometheus and Grafana.
Introduction to Multi-Cloud Networking,Learn how to design and manage networking solutions across multiple cloud platforms.